カテゴリ,質問,答え,出典
世界観・設定,攻殻機動隊とは何ですか？,攻殻機動隊は、士郎正宗原作のSF漫画及びそれを原作としたアニメ作品、実写映画作品です。20世紀末の近未来を舞台に、義体と呼ばれる人造の身体と脳を接続して生活する人々が存在する社会で、公安9課に所属する草薙素子が率いる攻殻機動隊の活躍を描いています。,"原作漫画, アニメ映画, 実写映画"
世界観・設定,攻殻機動隊の舞台となる時代はいつですか？,攻殻機動隊の舞台となる時代は、20世紀末から21世紀初頭とされています。作品中では具体的な年号は明示されていませんが、情報技術の発展や社会の高度化が著しい様子が描写されており、現実世界における2000年代前半から2010年代前半に相当すると推測できます。,"原作漫画, アニメ映画, 実写映画"
世界観・設定,攻殻機動隊の世界では、どのような技術が発達していますか？,攻殻機動隊の世界では、脳とコンピュータを接続する技術、義体と呼ばれる人造の身体、人工知能、ホログラム技術など、現代社会では想像もできないような技術が発達しています。これらの技術は、人々の生活に大きな影響を与え、新たな問題や課題も生み出しています。,"原作漫画, アニメ映画, 実写映画"
世界観・設定,攻殻機動隊の社会はどのような問題を抱えていますか？,攻殻機動隊の社会は、情報化社会の進展に伴い、個人情報の漏洩やハッキング、テロなどの犯罪が頻発しています。また、義体技術の発展により、人間と機械の境界線があいまいになり、アイデンティティの喪失や差別などの問題も生まれています。,"原作漫画, アニメ映画, 実写映画"
世界観・設定,攻殻機動隊のテーマは何ですか？,攻殻機動隊のテーマは、人間とは何か、心とは何か、魂とは何かといった哲学的な問いが深く掘り下げられています。また、情報技術の発展に伴う社会の変化や、人間と機械の関係性なども重要なテーマとして扱われています。,"原作漫画, アニメ映画, 実写映画"
世界観・設定,攻殻機動隊の社会における国家や企業の役割とは？,攻殻機動隊の社会では、国家や企業は大きな権力を持っています。国家は治安維持や情報統制を行い、企業は高度な技術開発や経済活動を行っています。しかし、国家や企業の権力濫用や腐敗も問題となっています。,"原作漫画, アニメ映画, 実写映画"
世界観・設定,攻殻機動隊の世界における宗教や思想とは？,攻殻機動隊の世界では、様々な宗教や思想が存在します。しかし、情報技術の発展により、従来の宗教や思想の影響力は低下しており、新しい価値観や思想が模索されています。,"原作漫画, アニメ映画"
世界観・設定,攻殻機動隊の世界における環境問題とは？,攻殻機動隊の世界では、環境問題も深刻化しています。人口増加や資源枯渇、汚染などが問題となっており、人々は持続可能な社会の実現に向けて努力しています。,原作漫画
世界観・設定,攻殻機動隊の世界における文化や芸術とは？,攻殻機動隊の世界では、情報技術の発展により、文化や芸術も大きく変化しています。バーチャルリアリティや人工知能を用いた新しい表現方法が生まれ、従来の文化や芸術のあり方も問い直されています。,原作漫画
世界観・設定,攻殻機動隊の世界における未来予想図とは？,攻殻機動隊の世界は、情報技術の発展がさらに進み、人間と機械がより融合していく未来が描かれています。しかし、その一方で、人間性の喪失や社会の分断などの問題も起こり得ると警鐘を鳴らしています。,原作漫画
登場人物,草薙素子とは誰ですか？,草薙素子は、公安9課に所属する攻殻機動隊の隊長です。全身義体であり、優れた戦闘能力とハッキング能力を備えています。冷静沈着な性格であり、常に客観的な視点から物事を判断しようとします。,"原作漫画, アニメ映画, 実写映画"
登場人物,草薙素子の過去は？,草薙素子は、幼い頃に両親を亡くし、公安9課に保護されました。その後、公安9課で訓練を受け、攻殻機動隊のメンバーとなりました。過去については多く語られていませんが、義体化手術を受けたことや、笑い男事件で大きな傷を負ったことが示唆されています。,"原作漫画, アニメ映画"
登場人物,草薙素子の性格は？,草薙素子は、冷静沈着で、常に客観的な視点から物事を判断しようとします。感情を表に出すことはあまりなく、周囲からは冷酷な人物と見られることもあります。しかし、根底には強い正義感と使命感があり、仲間思いな一面もあります。,"原作漫画, アニメ映画, 実写映画"
登場人物,草薙素子の能力は？,草薙素子は、優れた戦闘能力とハッキング能力を備えています。また、高い分析力と洞察力も持ち合わせており、複雑な事件を解決することができます。,"原作漫画, アニメ映画, 実写映画"
登場人物,草薙素子の信念は？,草薙素子は、正義と秩序を重んじ、人々を守ることを自分の使命と考えています。しかし、同時に人間と機械の関係性や、電脳空間の危険性についても深く考えており、常に葛藤を抱えています。,"原作漫画, アニメ映画"
登場人物,草薙素子の思想は？,草薙素子は、人間と機械の境界線はどこにあるのか、人間と機械は共存できるのかといった問いを投げかけます。また、人間とは何か、人間のアイデンティティとは何かといった問いについても深く考えています。,"原作漫画, アニメ映画"
登場人物,草薙素子は、作品にどのような影響を与えていますか？,草薙素子は、攻殻機動隊において最も重要なキャラクターの一人です。彼女の存在は、作品全体のテーマ性やメッセージ性を決定づける重要な役割を果たしています。,"原作漫画, アニメ映画, 実写映画"
登場人物,草薙素子の魅力は？,草薙素子は、強さと美しさ、そして知性を兼ね備えた魅力的なキャラクターです。また、常に葛藤を抱えながらも、自分の信念を貫き通す姿は、多くの人々に共感を与えています。,"原作漫画, アニメ映画, 実写映画"
登場人物,草薙素子の名言は？,「人間とは何か？ 心とは何か？ 魂とは何か？ 私はそれらの答えを探している。」,原作漫画
登場人物,タチコマとは何ですか？,タチコマは、公安9課に配備されている自律型思考型タンクです。愛らしい外見とは裏腹に、強力な武器を装備しており、戦闘能力も高いです。草薙素子やバトの良き理解者であり、行動を共にすることが多いです。,"原作漫画, アニメ映画, 実写映画"
登場人物,荒巻大輔とは誰ですか？,荒巻大輔は、公安9課の課長です。草薙素子を信頼しており、彼女に多くの権限を与えています。冷静沈着な性格であり、常に組織の利益を第一に考えています。,"原作漫画, アニメ映画, 実写映画"
登場人物,バトーとは誰ですか？,バトーは、草薙素子の部下で、攻殻機動隊のメンバーです。全身義体であり、優れた戦闘能力と操縦技術を備えています。明るく前向きな性格であり、草薙素子とは対照的な存在です。,"原作漫画, アニメ映画, 実写映画"
登場人物,バトーの過去は？,バトーは、元々は傭兵として活動していました。ある事件で全身を義体化し、その後公安9課に入隊しました。過去については多く語られていませんが、暗い過去を背負っていることが示唆されています。,"原作漫画, アニメ映画"
登場人物,バトーと草薙素子の関係は？,バトーと草薙素子は、公私ともに信頼関係で結ばれています。バトーは草薙素子を尊敬しており、彼女のために自分の命を懸けることも厭いません。草薙素子もバトーのことを信頼しており、彼の意見を尊重しています。,"原作漫画, アニメ映画, 実写映画"
事件,笑い男事件とはどのような事件ですか？,笑い男事件は、攻殻機動隊において最も有名な事件の一つです。笑い男と呼ばれる人物が、次々と人々を殺害していくという事件です。被害者は、笑い男の顔の幻覚を見た後に殺害されています。,"原作漫画, アニメ映画"
事件,笑い男事件の犯人は誰ですか？,笑い男事件の犯人は、複数の説があります。原作漫画では、笑い男は電脳空間上の存在であるとされています。アニメ映画では、笑い男は現実世界の人物であるとされています。,"原作漫画, アニメ映画"
事件,笑い男事件の動機は何ですか？,笑い男事件の動機は、明確には示されていません。原作漫画では、笑い男は人間が電脳空間に依存しすぎることを警告しようとしたのではないかという説があります。アニメ映画では、笑い男は単に人を殺すことを楽しんでいたのではないかという説があります。,"原作漫画, アニメ映画"
事件,笑い男事件の真相は何ですか？,笑い男事件の真相は、最後まで明らかにはなりません。原作漫画でも、アニメ映画でも、事件は解決したように見えますが、笑い男の真の目的は依然として謎のままです。,"原作漫画, アニメ映画"
事件,笑い男事件はなぜ重要ですか？,笑い男事件は、攻殻機動隊の世界における重要な事件です。この事件は、人間と機械の関係性、電脳空間の危険性、人間のアイデンティティなど、作品が問いかけるテーマを象徴しています。,"原作漫画, アニメ映画"
事件,笑い男事件は、人々にどのような影響を与えましたか？,笑い男事件は、人々に恐怖を与えました。人々は、笑い男の顔の幻覚に悩まされたり、電脳空間を利用することに不安を感じたりするようになりました。,"原作漫画, アニメ映画"
事件,笑い男事件は、草薙素子にどのような影響を与えましたか？,笑い男事件は、草薙素子の思想に大きな影響を与えました。この事件を通して、草薙素子は人間と機械の関係性について深く考えるようになり、電脳空間の危険性を認識するようになりました。,"原作漫画, アニメ映画"
事件,笑い男事件は、バトーにどのような影響を与えましたか？,笑い男事件は、バトーの信念を揺るがしました。この事件を通して、バトーは人間の脆弱性や、人間の意志の力について考えるようになり、自身の正義観に疑問を抱くようになりました。,"原作漫画, アニメ映画"
事件,笑い男事件は、荒巻大輔にどのような影響を与えましたか？,笑い男事件は、荒巻大輔の組織運営に変化をもたらしました。この事件をきっかけに、荒巻大輔は公安9課の体制改革を推し進め、電脳犯罪対策に力を入れるようになりました。,"原作漫画, アニメ映画"
事件,笑い男事件は、電脳空間に対してどのような警鐘を鳴らしましたか？,笑い男事件は、電脳空間の危険性を示しました。この事件を通して、人々は電脳空間に潜む脅威を認識し、情報セキュリティ対策の重要性を理解するようになりました。,"原作漫画, アニメ映画"
事件,笑い男事件は、人間と機械の関係性についてどのような問いを投げかけましたか？,笑い男事件は、人間と機械の境界線はどこにあるのか、人間と機械は共存できるのかといった問いを投げかけました。この事件を通して、人々は人間と機械の関係性について深く考えるようになりました。,"原作漫画, アニメ映画"
事件,笑い男事件は、人間のアイデンティティについてどのような問いを投げかけましたか？,笑い男事件は、人間とは何か、人間のアイデンティティとは何かといった問いを投げかけました。この事件を通して、人々は人間の存在意義について考えるようになりました。,"原作漫画, アニメ映画"
事件,笑い男事件はどのように解釈することができますか？,笑い男事件は、様々な解釈が可能です。社会風刺として解釈することもできますし、哲学的な問題提起として解釈することもできます。,"原作漫画, アニメ映画"